Team,Score
Sevilla,1.198147233201581
Real Betis,0.2803175618073317
Sevilla,1.198147233201581
Real Betis,0.2803175618073317
Sevilla,1.198147233201581
Real Betis,0.2803175618073317
Sevilla,1.198147233201581
Real Betis,0.2803175618073317
Sevilla,1.198147233201581
Real Betis,0.2803175618073317
Sevilla,1.198147233201581
Real Betis,0.2803175618073317
Sevilla,1.198147233201581
Real Betis,0.2803175618073317
Sevilla,1.198147233201581
Real Betis,0.2803175618073317
